Empid,Emp_firstname,Emp_lastname,Hiring_date,Gender
1,Henry,Douglas,12/25/2016,Male
2,Matthews,Parkinson,06-01-18,Male
3,Rahul,Verma,9/15/2012,Male
4,Andrews,Fernandes,10/17/2013,Male
5,Animesh,Joglekar,12/25/2016,Male
6,Prajwal,Shrikant,9/15/2012,Male
7,Medha,Shrivastav,04-08-17,Female
8,Vipin,Rawat,04-08-17,Male
9,Gary,Sanders,05-11-14,Male
10,Neelima,Joshi,10/23/2012,Female
11,Sajid,Khan,7/19/2018,Male
12,Prathamesh,Patil,3/23/2019,Male
13,Leena,Verghes,11/27/2016,Female
14,Smriti,Sandlers,05-05-15,Female
15,Siddhi,Kolte,7/24/2018,Female
16,Prajyot,Kakkad,1/20/2020,Female
17,Rustom,Manchanda,9/15/2012,Male
18,Alex,Dexley,08-11-15,Male
19,Henry,Jill,3/27/2017,Male
20,Ashley,Jones,3/27/2017,Female
